<?xml version="1.0" encoding="UTF-8"?>
<project-private xmlns="http://www.netbeans.org/ns/project-private/1">
    <editor-bookmarks xmlns="http://www.netbeans.org/ns/editor-bookmarks/2" lastBookmarkId="0"/>
    <open-files xmlns="http://www.netbeans.org/ns/projectui-open-files/2">
        <group>
            <file>file:/C:/xampp/htdocs/ipd8/quiz3travels/index.php</file>
            <file>file:/C:/xampp/htdocs/ipd8/quiz3travels/templates/index.html.twig</file>
            <file>file:/C:/xampp/htdocs/ipd8/quiz3travels/templates/logout_success.html.twig</file>
            <file>file:/C:/xampp/htdocs/ipd8/quiz3travels/templates/login_success.html.twig</file>
            <file>file:/C:/xampp/htdocs/ipd8/quiz3travels/.htaccess</file>
            <file>file:/C:/xampp/htdocs/ipd8/quiz3travels/templates/book.html.twig</file>
            <file>file:/C:/xampp/htdocs/ipd8/quiz3travels/templates/register.html.twig</file>
            <file>file:/C:/xampp/htdocs/ipd8/quiz3travels/templates/register_success.html.twig</file>
            <file>file:/C:/xampp/htdocs/ipd8/quiz3travels/templates/master.html.twig</file>
            <file>file:/C:/xampp/htdocs/ipd8/quiz3travels/templates/book_success.html.twig</file>
            <file>file:/C:/xampp/htdocs/ipd8/quiz3travels/templates/login.html.twig</file>
        </group>
    </open-files>
</project-private>
